label,email
spam,"Subject: Compliance Violation Detected: Resolve immediately!

Dear Business Owner,

Compliance Violation Detected: Resolve immediately! Click here: [Malicious Link]

Regards,
Spam Team 74"
spam,"Subject: Security Alert: Unauthorized Login Attempt Detected!

Dear Business Owner,

Security Alert: Unauthorized Login Attempt Detected! Click here: [Malicious Link]

Regards,
Spam Team 19"
spam,"Subject: Security Alert: Unauthorized Login Attempt Detected!

Dear Business Owner,

Security Alert: Unauthorized Login Attempt Detected! Click here: [Malicious Link]

Regards,
Spam Team 119"
spam,"Subject: Security Alert: Unauthorized Login Attempt Detected!

Dear Business Owner,

Security Alert: Unauthorized Login Attempt Detected! Click here: [Malicious Link]

Regards,
Spam Team 79"
spam,"Subject: Investment Opportunity: Earn 300% ROI Guaranteed!

Dear Business Owner,

Investment Opportunity: Earn 300% ROI Guaranteed! Click here: [Malicious Link]

Regards,
Spam Team 77"
spam,"Subject: Verify Your Business Account: Avoid suspension now!

Dear Business Owner,

Verify Your Business Account: Avoid suspension now! Click here: [Malicious Link]

Regards,
Spam Team 32"
spam,"Subject: Work-From-Home Opportunity: Earn $2,000 per week!

Dear Business Owner,

Work-From-Home Opportunity: Earn $2,000 per week! Click here: [Malicious Link]

Regards,
Spam Team 65"
spam,"Subject: Verify Your Business Account: Avoid suspension now!

Dear Business Owner,

Verify Your Business Account: Avoid suspension now! Click here: [Malicious Link]

Regards,
Spam Team 142"
spam,"Subject: Security Alert: Unauthorized Login Attempt Detected!

Dear Business Owner,

Security Alert: Unauthorized Login Attempt Detected! Click here: [Malicious Link]

Regards,
Spam Team 69"
spam,"Subject: Win a Free Business Marketing Package Worth $5,000!

Dear Business Owner,

Win a Free Business Marketing Package Worth $5,000! Click here: [Malicious Link]

Regards,
Spam Team 83"
spam,"Subject: Exclusive Business Loan Offer: Pre-approved for $500,000!

Dear Business Owner,

Exclusive Business Loan Offer: Pre-approved for $500,000! Click here: [Malicious Link]

Regards,
Spam Team 111"
spam,"Subject: Win a Free Business Marketing Package Worth $5,000!

Dear Business Owner,

Win a Free Business Marketing Package Worth $5,000! Click here: [Malicious Link]

Regards,
Spam Team 13"
spam,"Subject: Investment Opportunity: Earn 300% ROI Guaranteed!

Dear Business Owner,

Investment Opportunity: Earn 300% ROI Guaranteed! Click here: [Malicious Link]

Regards,
Spam Team 37"
spam,"Subject: Urgent Invoice Payment Reminder: Pay now to avoid legal action!

Dear Business Owner,

Urgent Invoice Payment Reminder: Pay now to avoid legal action! Click here: [Malicious Link]

Regards,
Spam Team 10"
spam,"Subject: Urgent Invoice Payment Reminder: Pay now to avoid legal action!

Dear Business Owner,

Urgent Invoice Payment Reminder: Pay now to avoid legal action! Click here: [Malicious Link]

Regards,
Spam Team 20"
spam,"Subject: Investment Opportunity: Earn 300% ROI Guaranteed!

Dear Business Owner,

Investment Opportunity: Earn 300% ROI Guaranteed! Click here: [Malicious Link]

Regards,
Spam Team 57"
spam,"Subject: Work-From-Home Opportunity: Earn $2,000 per week!

Dear Business Owner,

Work-From-Home Opportunity: Earn $2,000 per week! Click here: [Malicious Link]

Regards,
Spam Team 105"
spam,"Subject: Urgent Invoice Payment Reminder: Pay now to avoid legal action!

Dear Business Owner,

Urgent Invoice Payment Reminder: Pay now to avoid legal action! Click here: [Malicious Link]

Regards,
Spam Team 70"
spam,"Subject: Your Website Hosting is Expiring! Renew Now!

Dear Business Owner,

Your Website Hosting is Expiring! Renew Now! Click here: [Malicious Link]

Regards,
Spam Team 56"
spam,"Subject: Win a Free Business Marketing Package Worth $5,000!

Dear Business Owner,

Win a Free Business Marketing Package Worth $5,000! Click here: [Malicious Link]

Regards,
Spam Team 133"
spam,"Subject: Urgent Invoice Payment Reminder: Pay now to avoid legal action!

Dear Business Owner,

Urgent Invoice Payment Reminder: Pay now to avoid legal action! Click here: [Malicious Link]

Regards,
Spam Team 30"
spam,"Subject: New Client Inquiry: Send Your Quotation Now!

Dear Business Owner,

New Client Inquiry: Send Your Quotation Now! Click here: [Malicious Link]

Regards,
Spam Team 128"
spam,"Subject: Investment Opportunity: Earn 300% ROI Guaranteed!

Dear Business Owner,

Investment Opportunity: Earn 300% ROI Guaranteed! Click here: [Malicious Link]

Regards,
Spam Team 27"
spam,"Subject: Security Alert: Unauthorized Login Attempt Detected!

Dear Business Owner,

Security Alert: Unauthorized Login Attempt Detected! Click here: [Malicious Link]

Regards,
Spam Team 129"
spam,"Subject: Verify Your Business Account: Avoid suspension now!

Dear Business Owner,

Verify Your Business Account: Avoid suspension now! Click here: [Malicious Link]

Regards,
Spam Team 132"
spam,"Subject: Your Website Hosting is Expiring! Renew Now!

Dear Business Owner,

Your Website Hosting is Expiring! Renew Now! Click here: [Malicious Link]

Regards,
Spam Team 146"
spam,"Subject: Security Alert: Unauthorized Login Attempt Detected!

Dear Business Owner,

Security Alert: Unauthorized Login Attempt Detected! Click here: [Malicious Link]

Regards,
Spam Team 109"
spam,"Subject: Compliance Violation Detected: Resolve immediately!

Dear Business Owner,

Compliance Violation Detected: Resolve immediately! Click here: [Malicious Link]

Regards,
Spam Team 144"
spam,"Subject: Your Website Hosting is Expiring! Renew Now!

Dear Business Owner,

Your Website Hosting is Expiring! Renew Now! Click here: [Malicious Link]

Regards,
Spam Team 46"
spam,"Subject: Exclusive Business Loan Offer: Pre-approved for $500,000!

Dear Business Owner,

Exclusive Business Loan Offer: Pre-approved for $500,000! Click here: [Malicious Link]

Regards,
Spam Team 31"
spam,"Subject: Win a Free Business Marketing Package Worth $5,000!

Dear Business Owner,

Win a Free Business Marketing Package Worth $5,000! Click here: [Malicious Link]

Regards,
Spam Team 23"
spam,"Subject: Your Website Hosting is Expiring! Renew Now!

Dear Business Owner,

Your Website Hosting is Expiring! Renew Now! Click here: [Malicious Link]

Regards,
Spam Team 16"
spam,"Subject: Your Website Hosting is Expiring! Renew Now!

Dear Business Owner,

Your Website Hosting is Expiring! Renew Now! Click here: [Malicious Link]

Regards,
Spam Team 66"
spam,"Subject: Verify Your Business Account: Avoid suspension now!

Dear Business Owner,

Verify Your Business Account: Avoid suspension now! Click here: [Malicious Link]

Regards,
Spam Team 12"
spam,"Subject: Win a Free Business Marketing Package Worth $5,000!

Dear Business Owner,

Win a Free Business Marketing Package Worth $5,000! Click here: [Malicious Link]

Regards,
Spam Team 43"
spam,"Subject: Investment Opportunity: Earn 300% ROI Guaranteed!

Dear Business Owner,

Investment Opportunity: Earn 300% ROI Guaranteed! Click here: [Malicious Link]

Regards,
Spam Team 147"
spam,"Subject: Verify Your Business Account: Avoid suspension now!

Dear Business Owner,

Verify Your Business Account: Avoid suspension now! Click here: [Malicious Link]

Regards,
Spam Team 52"
spam,"Subject: New Client Inquiry: Send Your Quotation Now!

Dear Business Owner,

New Client Inquiry: Send Your Quotation Now! Click here: [Malicious Link]

Regards,
Spam Team 28"
spam,"Subject: Work-From-Home Opportunity: Earn $2,000 per week!

Dear Business Owner,

Work-From-Home Opportunity: Earn $2,000 per week! Click here: [Malicious Link]

Regards,
Spam Team 5"
spam,"Subject: Win a Free Business Marketing Package Worth $5,000!

Dear Business Owner,

Win a Free Business Marketing Package Worth $5,000! Click here: [Malicious Link]

Regards,
Spam Team 33"
spam,"Subject: Win a Free Business Marketing Package Worth $5,000!

Dear Business Owner,

Win a Free Business Marketing Package Worth $5,000! Click here: [Malicious Link]

Regards,
Spam Team 143"
spam,"Subject: Your Website Hosting is Expiring! Renew Now!

Dear Business Owner,

Your Website Hosting is Expiring! Renew Now! Click here: [Malicious Link]

Regards,
Spam Team 86"
spam,"Subject: Investment Opportunity: Earn 300% ROI Guaranteed!

Dear Business Owner,

Investment Opportunity: Earn 300% ROI Guaranteed! Click here: [Malicious Link]

Regards,
Spam Team 87"
spam,"Subject: Investment Opportunity: Earn 300% ROI Guaranteed!

Dear Business Owner,

Investment Opportunity: Earn 300% ROI Guaranteed! Click here: [Malicious Link]

Regards,
Spam Team 17"
spam,"Subject: Exclusive Business Loan Offer: Pre-approved for $500,000!

Dear Business Owner,

Exclusive Business Loan Offer: Pre-approved for $500,000! Click here: [Malicious Link]

Regards,
Spam Team 11"
spam,"Subject: Verify Your Business Account: Avoid suspension now!

Dear Business Owner,

Verify Your Business Account: Avoid suspension now! Click here: [Malicious Link]

Regards,
Spam Team 82"
spam,"Subject: Compliance Violation Detected: Resolve immediately!

Dear Business Owner,

Compliance Violation Detected: Resolve immediately! Click here: [Malicious Link]

Regards,
Spam Team 134"
spam,"Subject: New Client Inquiry: Send Your Quotation Now!

Dear Business Owner,

New Client Inquiry: Send Your Quotation Now! Click here: [Malicious Link]

Regards,
Spam Team 138"
spam,"Subject: Your Website Hosting is Expiring! Renew Now!

Dear Business Owner,

Your Website Hosting is Expiring! Renew Now! Click here: [Malicious Link]

Regards,
Spam Team 76"
spam,"Subject: Urgent Invoice Payment Reminder: Pay now to avoid legal action!

Dear Business Owner,

Urgent Invoice Payment Reminder: Pay now to avoid legal action! Click here: [Malicious Link]

Regards,
Spam Team 110"
spam,"Subject: Investment Opportunity: Earn 300% ROI Guaranteed!

Dear Business Owner,

Investment Opportunity: Earn 300% ROI Guaranteed! Click here: [Malicious Link]

Regards,
Spam Team 97"
spam,"Subject: Your Website Hosting is Expiring! Renew Now!

Dear Business Owner,

Your Website Hosting is Expiring! Renew Now! Click here: [Malicious Link]

Regards,
Spam Team 106"
spam,"Subject: Investment Opportunity: Earn 300% ROI Guaranteed!

Dear Business Owner,

Investment Opportunity: Earn 300% ROI Guaranteed! Click here: [Malicious Link]

Regards,
Spam Team 67"
spam,"Subject: Exclusive Business Loan Offer: Pre-approved for $500,000!

Dear Business Owner,

Exclusive Business Loan Offer: Pre-approved for $500,000! Click here: [Malicious Link]

Regards,
Spam Team 1"
spam,"Subject: Win a Free Business Marketing Package Worth $5,000!

Dear Business Owner,

Win a Free Business Marketing Package Worth $5,000! Click here: [Malicious Link]

Regards,
Spam Team 123"
spam,"Subject: New Client Inquiry: Send Your Quotation Now!

Dear Business Owner,

New Client Inquiry: Send Your Quotation Now! Click here: [Malicious Link]

Regards,
Spam Team 68"
spam,"Subject: Security Alert: Unauthorized Login Attempt Detected!

Dear Business Owner,

Security Alert: Unauthorized Login Attempt Detected! Click here: [Malicious Link]

Regards,
Spam Team 29"
spam,"Subject: Exclusive Business Loan Offer: Pre-approved for $500,000!

Dear Business Owner,

Exclusive Business Loan Offer: Pre-approved for $500,000! Click here: [Malicious Link]

Regards,
Spam Team 41"
spam,"Subject: Work-From-Home Opportunity: Earn $2,000 per week!

Dear Business Owner,

Work-From-Home Opportunity: Earn $2,000 per week! Click here: [Malicious Link]

Regards,
Spam Team 45"
spam,"Subject: Exclusive Business Loan Offer: Pre-approved for $500,000!

Dear Business Owner,

Exclusive Business Loan Offer: Pre-approved for $500,000! Click here: [Malicious Link]

Regards,
Spam Team 61"
spam,"Subject: Compliance Violation Detected: Resolve immediately!

Dear Business Owner,

Compliance Violation Detected: Resolve immediately! Click here: [Malicious Link]

Regards,
Spam Team 124"
spam,"Subject: Work-From-Home Opportunity: Earn $2,000 per week!

Dear Business Owner,

Work-From-Home Opportunity: Earn $2,000 per week! Click here: [Malicious Link]

Regards,
Spam Team 25"
spam,"Subject: Your Website Hosting is Expiring! Renew Now!

Dear Business Owner,

Your Website Hosting is Expiring! Renew Now! Click here: [Malicious Link]

Regards,
Spam Team 26"
spam,"Subject: Compliance Violation Detected: Resolve immediately!

Dear Business Owner,

Compliance Violation Detected: Resolve immediately! Click here: [Malicious Link]

Regards,
Spam Team 24"
spam,"Subject: Work-From-Home Opportunity: Earn $2,000 per week!

Dear Business Owner,

Work-From-Home Opportunity: Earn $2,000 per week! Click here: [Malicious Link]

Regards,
Spam Team 95"
spam,"Subject: Urgent Invoice Payment Reminder: Pay now to avoid legal action!

Dear Business Owner,

Urgent Invoice Payment Reminder: Pay now to avoid legal action! Click here: [Malicious Link]

Regards,
Spam Team 40"
spam,"Subject: Your Website Hosting is Expiring! Renew Now!

Dear Business Owner,

Your Website Hosting is Expiring! Renew Now! Click here: [Malicious Link]

Regards,
Spam Team 96"
spam,"Subject: New Client Inquiry: Send Your Quotation Now!

Dear Business Owner,

New Client Inquiry: Send Your Quotation Now! Click here: [Malicious Link]

Regards,
Spam Team 118"
spam,"Subject: New Client Inquiry: Send Your Quotation Now!

Dear Business Owner,

New Client Inquiry: Send Your Quotation Now! Click here: [Malicious Link]

Regards,
Spam Team 48"
spam,"Subject: New Client Inquiry: Send Your Quotation Now!

Dear Business Owner,

New Client Inquiry: Send Your Quotation Now! Click here: [Malicious Link]

Regards,
Spam Team 98"
spam,"Subject: Compliance Violation Detected: Resolve immediately!

Dear Business Owner,

Compliance Violation Detected: Resolve immediately! Click here: [Malicious Link]

Regards,
Spam Team 114"
spam,"Subject: Compliance Violation Detected: Resolve immediately!

Dear Business Owner,

Compliance Violation Detected: Resolve immediately! Click here: [Malicious Link]

Regards,
Spam Team 34"
spam,"Subject: Security Alert: Unauthorized Login Attempt Detected!

Dear Business Owner,

Security Alert: Unauthorized Login Attempt Detected! Click here: [Malicious Link]

Regards,
Spam Team 139"
spam,"Subject: Verify Your Business Account: Avoid suspension now!

Dear Business Owner,

Verify Your Business Account: Avoid suspension now! Click here: [Malicious Link]

Regards,
Spam Team 102"
spam,"Subject: Win a Free Business Marketing Package Worth $5,000!

Dear Business Owner,

Win a Free Business Marketing Package Worth $5,000! Click here: [Malicious Link]

Regards,
Spam Team 63"
spam,"Subject: Work-From-Home Opportunity: Earn $2,000 per week!

Dear Business Owner,

Work-From-Home Opportunity: Earn $2,000 per week! Click here: [Malicious Link]

Regards,
Spam Team 85"
spam,"Subject: Security Alert: Unauthorized Login Attempt Detected!

Dear Business Owner,

Security Alert: Unauthorized Login Attempt Detected! Click here: [Malicious Link]

Regards,
Spam Team 149"
spam,"Subject: Compliance Violation Detected: Resolve immediately!

Dear Business Owner,

Compliance Violation Detected: Resolve immediately! Click here: [Malicious Link]

Regards,
Spam Team 54"
spam,"Subject: Your Website Hosting is Expiring! Renew Now!

Dear Business Owner,

Your Website Hosting is Expiring! Renew Now! Click here: [Malicious Link]

Regards,
Spam Team 6"
spam,"Subject: Compliance Violation Detected: Resolve immediately!

Dear Business Owner,

Compliance Violation Detected: Resolve immediately! Click here: [Malicious Link]

Regards,
Spam Team 94"
spam,"Subject: Verify Your Business Account: Avoid suspension now!

Dear Business Owner,

Verify Your Business Account: Avoid suspension now! Click here: [Malicious Link]

Regards,
Spam Team 112"
spam,"Subject: Urgent Invoice Payment Reminder: Pay now to avoid legal action!

Dear Business Owner,

Urgent Invoice Payment Reminder: Pay now to avoid legal action! Click here: [Malicious Link]

Regards,
Spam Team 50"
spam,"Subject: Your Website Hosting is Expiring! Renew Now!

Dear Business Owner,

Your Website Hosting is Expiring! Renew Now! Click here: [Malicious Link]

Regards,
Spam Team 36"
spam,"Subject: Exclusive Business Loan Offer: Pre-approved for $500,000!

Dear Business Owner,

Exclusive Business Loan Offer: Pre-approved for $500,000! Click here: [Malicious Link]

Regards,
Spam Team 81"
spam,"Subject: New Client Inquiry: Send Your Quotation Now!

Dear Business Owner,

New Client Inquiry: Send Your Quotation Now! Click here: [Malicious Link]

Regards,
Spam Team 78"
spam,"Subject: Work-From-Home Opportunity: Earn $2,000 per week!

Dear Business Owner,

Work-From-Home Opportunity: Earn $2,000 per week! Click here: [Malicious Link]

Regards,
Spam Team 35"
spam,"Subject: Work-From-Home Opportunity: Earn $2,000 per week!

Dear Business Owner,

Work-From-Home Opportunity: Earn $2,000 per week! Click here: [Malicious Link]

Regards,
Spam Team 115"
spam,"Subject: New Client Inquiry: Send Your Quotation Now!

Dear Business Owner,

New Client Inquiry: Send Your Quotation Now! Click here: [Malicious Link]

Regards,
Spam Team 8"
spam,"Subject: Compliance Violation Detected: Resolve immediately!

Dear Business Owner,

Compliance Violation Detected: Resolve immediately! Click here: [Malicious Link]

Regards,
Spam Team 44"
spam,"Subject: Exclusive Business Loan Offer: Pre-approved for $500,000!

Dear Business Owner,

Exclusive Business Loan Offer: Pre-approved for $500,000! Click here: [Malicious Link]

Regards,
Spam Team 71"
spam,"Subject: Security Alert: Unauthorized Login Attempt Detected!

Dear Business Owner,

Security Alert: Unauthorized Login Attempt Detected! Click here: [Malicious Link]

Regards,
Spam Team 99"
spam,"Subject: Exclusive Business Loan Offer: Pre-approved for $500,000!

Dear Business Owner,

Exclusive Business Loan Offer: Pre-approved for $500,000! Click here: [Malicious Link]

Regards,
Spam Team 121"
spam,"Subject: Compliance Violation Detected: Resolve immediately!

Dear Business Owner,

Compliance Violation Detected: Resolve immediately! Click here: [Malicious Link]

Regards,
Spam Team 84"
spam,"Subject: Work-From-Home Opportunity: Earn $2,000 per week!

Dear Business Owner,

Work-From-Home Opportunity: Earn $2,000 per week! Click here: [Malicious Link]

Regards,
Spam Team 135"
spam,"Subject: Your Website Hosting is Expiring! Renew Now!

Dear Business Owner,

Your Website Hosting is Expiring! Renew Now! Click here: [Malicious Link]

Regards,
Spam Team 136"
spam,"Subject: Urgent Invoice Payment Reminder: Pay now to avoid legal action!

Dear Business Owner,

Urgent Invoice Payment Reminder: Pay now to avoid legal action! Click here: [Malicious Link]

Regards,
Spam Team 90"
spam,"Subject: Security Alert: Unauthorized Login Attempt Detected!

Dear Business Owner,

Security Alert: Unauthorized Login Attempt Detected! Click here: [Malicious Link]

Regards,
Spam Team 9"
spam,"Subject: Compliance Violation Detected: Resolve immediately!

Dear Business Owner,

Compliance Violation Detected: Resolve immediately! Click here: [Malicious Link]

Regards,
Spam Team 14"
spam,"Subject: Urgent Invoice Payment Reminder: Pay now to avoid legal action!

Dear Business Owner,

Urgent Invoice Payment Reminder: Pay now to avoid legal action! Click here: [Malicious Link]

Regards,
Spam Team 120"
spam,"Subject: Your Website Hosting is Expiring! Renew Now!

Dear Business Owner,

Your Website Hosting is Expiring! Renew Now! Click here: [Malicious Link]

Regards,
Spam Team 126"
spam,"Subject: Compliance Violation Detected: Resolve immediately!

Dear Business Owner,

Compliance Violation Detected: Resolve immediately! Click here: [Malicious Link]

Regards,
Spam Team 4"
spam,"Subject: New Client Inquiry: Send Your Quotation Now!

Dear Business Owner,

New Client Inquiry: Send Your Quotation Now! Click here: [Malicious Link]

Regards,
Spam Team 18"
spam,"Subject: Security Alert: Unauthorized Login Attempt Detected!

Dear Business Owner,

Security Alert: Unauthorized Login Attempt Detected! Click here: [Malicious Link]

Regards,
Spam Team 39"
spam,"Subject: Win a Free Business Marketing Package Worth $5,000!

Dear Business Owner,

Win a Free Business Marketing Package Worth $5,000! Click here: [Malicious Link]

Regards,
Spam Team 73"
spam,"Subject: Investment Opportunity: Earn 300% ROI Guaranteed!

Dear Business Owner,

Investment Opportunity: Earn 300% ROI Guaranteed! Click here: [Malicious Link]

Regards,
Spam Team 137"
spam,"Subject: Investment Opportunity: Earn 300% ROI Guaranteed!

Dear Business Owner,

Investment Opportunity: Earn 300% ROI Guaranteed! Click here: [Malicious Link]

Regards,
Spam Team 7"
spam,"Subject: Win a Free Business Marketing Package Worth $5,000!

Dear Business Owner,

Win a Free Business Marketing Package Worth $5,000! Click here: [Malicious Link]

Regards,
Spam Team 113"
spam,"Subject: Exclusive Business Loan Offer: Pre-approved for $500,000!

Dear Business Owner,

Exclusive Business Loan Offer: Pre-approved for $500,000! Click here: [Malicious Link]

Regards,
Spam Team 101"
spam,"Subject: Win a Free Business Marketing Package Worth $5,000!

Dear Business Owner,

Win a Free Business Marketing Package Worth $5,000! Click here: [Malicious Link]

Regards,
Spam Team 3"
spam,"Subject: Compliance Violation Detected: Resolve immediately!

Dear Business Owner,

Compliance Violation Detected: Resolve immediately! Click here: [Malicious Link]

Regards,
Spam Team 64"
spam,"Subject: Work-From-Home Opportunity: Earn $2,000 per week!

Dear Business Owner,

Work-From-Home Opportunity: Earn $2,000 per week! Click here: [Malicious Link]

Regards,
Spam Team 55"
spam,"Subject: Investment Opportunity: Earn 300% ROI Guaranteed!

Dear Business Owner,

Investment Opportunity: Earn 300% ROI Guaranteed! Click here: [Malicious Link]

Regards,
Spam Team 127"
spam,"Subject: Exclusive Business Loan Offer: Pre-approved for $500,000!

Dear Business Owner,

Exclusive Business Loan Offer: Pre-approved for $500,000! Click here: [Malicious Link]

Regards,
Spam Team 51"
spam,"Subject: Your Website Hosting is Expiring! Renew Now!

Dear Business Owner,

Your Website Hosting is Expiring! Renew Now! Click here: [Malicious Link]

Regards,
Spam Team 116"
spam,"Subject: Investment Opportunity: Earn 300% ROI Guaranteed!

Dear Business Owner,

Investment Opportunity: Earn 300% ROI Guaranteed! Click here: [Malicious Link]

Regards,
Spam Team 47"
spam,"Subject: Urgent Invoice Payment Reminder: Pay now to avoid legal action!

Dear Business Owner,

Urgent Invoice Payment Reminder: Pay now to avoid legal action! Click here: [Malicious Link]

Regards,
Spam Team 140"
spam,"Subject: Verify Your Business Account: Avoid suspension now!

Dear Business Owner,

Verify Your Business Account: Avoid suspension now! Click here: [Malicious Link]

Regards,
Spam Team 62"
spam,"Subject: New Client Inquiry: Send Your Quotation Now!

Dear Business Owner,

New Client Inquiry: Send Your Quotation Now! Click here: [Malicious Link]

Regards,
Spam Team 148"
spam,"Subject: Urgent Invoice Payment Reminder: Pay now to avoid legal action!

Dear Business Owner,

Urgent Invoice Payment Reminder: Pay now to avoid legal action! Click here: [Malicious Link]

Regards,
Spam Team 80"
spam,"Subject: Urgent Invoice Payment Reminder: Pay now to avoid legal action!

Dear Business Owner,

Urgent Invoice Payment Reminder: Pay now to avoid legal action! Click here: [Malicious Link]

Regards,
Spam Team 60"
spam,"Subject: Verify Your Business Account: Avoid suspension now!

Dear Business Owner,

Verify Your Business Account: Avoid suspension now! Click here: [Malicious Link]

Regards,
Spam Team 92"
spam,"Subject: Verify Your Business Account: Avoid suspension now!

Dear Business Owner,

Verify Your Business Account: Avoid suspension now! Click here: [Malicious Link]

Regards,
Spam Team 42"
spam,"Subject: Security Alert: Unauthorized Login Attempt Detected!

Dear Business Owner,

Security Alert: Unauthorized Login Attempt Detected! Click here: [Malicious Link]

Regards,
Spam Team 59"
spam,"Subject: Exclusive Business Loan Offer: Pre-approved for $500,000!

Dear Business Owner,

Exclusive Business Loan Offer: Pre-approved for $500,000! Click here: [Malicious Link]

Regards,
Spam Team 91"
spam,"Subject: Security Alert: Unauthorized Login Attempt Detected!

Dear Business Owner,

Security Alert: Unauthorized Login Attempt Detected! Click here: [Malicious Link]

Regards,
Spam Team 49"
spam,"Subject: Security Alert: Unauthorized Login Attempt Detected!

Dear Business Owner,

Security Alert: Unauthorized Login Attempt Detected! Click here: [Malicious Link]

Regards,
Spam Team 89"
spam,"Subject: New Client Inquiry: Send Your Quotation Now!

Dear Business Owner,

New Client Inquiry: Send Your Quotation Now! Click here: [Malicious Link]

Regards,
Spam Team 108"
spam,"Subject: Work-From-Home Opportunity: Earn $2,000 per week!

Dear Business Owner,

Work-From-Home Opportunity: Earn $2,000 per week! Click here: [Malicious Link]

Regards,
Spam Team 125"
spam,"Subject: Verify Your Business Account: Avoid suspension now!

Dear Business Owner,

Verify Your Business Account: Avoid suspension now! Click here: [Malicious Link]

Regards,
Spam Team 22"
spam,"Subject: New Client Inquiry: Send Your Quotation Now!

Dear Business Owner,

New Client Inquiry: Send Your Quotation Now! Click here: [Malicious Link]

Regards,
Spam Team 58"
spam,"Subject: Work-From-Home Opportunity: Earn $2,000 per week!

Dear Business Owner,

Work-From-Home Opportunity: Earn $2,000 per week! Click here: [Malicious Link]

Regards,
Spam Team 145"
spam,"Subject: Urgent Invoice Payment Reminder: Pay now to avoid legal action!

Dear Business Owner,

Urgent Invoice Payment Reminder: Pay now to avoid legal action! Click here: [Malicious Link]

Regards,
Spam Team 130"
spam,"Subject: New Client Inquiry: Send Your Quotation Now!

Dear Business Owner,

New Client Inquiry: Send Your Quotation Now! Click here: [Malicious Link]

Regards,
Spam Team 38"
spam,"Subject: Exclusive Business Loan Offer: Pre-approved for $500,000!

Dear Business Owner,

Exclusive Business Loan Offer: Pre-approved for $500,000! Click here: [Malicious Link]

Regards,
Spam Team 141"
spam,"Subject: Verify Your Business Account: Avoid suspension now!

Dear Business Owner,

Verify Your Business Account: Avoid suspension now! Click here: [Malicious Link]

Regards,
Spam Team 2"
spam,"Subject: Win a Free Business Marketing Package Worth $5,000!

Dear Business Owner,

Win a Free Business Marketing Package Worth $5,000! Click here: [Malicious Link]

Regards,
Spam Team 53"
spam,"Subject: Exclusive Business Loan Offer: Pre-approved for $500,000!

Dear Business Owner,

Exclusive Business Loan Offer: Pre-approved for $500,000! Click here: [Malicious Link]

Regards,
Spam Team 131"
spam,"Subject: Compliance Violation Detected: Resolve immediately!

Dear Business Owner,

Compliance Violation Detected: Resolve immediately! Click here: [Malicious Link]

Regards,
Spam Team 104"
spam,"Subject: Urgent Invoice Payment Reminder: Pay now to avoid legal action!

Dear Business Owner,

Urgent Invoice Payment Reminder: Pay now to avoid legal action! Click here: [Malicious Link]

Regards,
Spam Team 100"
spam,"Subject: Investment Opportunity: Earn 300% ROI Guaranteed!

Dear Business Owner,

Investment Opportunity: Earn 300% ROI Guaranteed! Click here: [Malicious Link]

Regards,
Spam Team 117"
spam,"Subject: New Client Inquiry: Send Your Quotation Now!

Dear Business Owner,

New Client Inquiry: Send Your Quotation Now! Click here: [Malicious Link]

Regards,
Spam Team 88"
spam,"Subject: Work-From-Home Opportunity: Earn $2,000 per week!

Dear Business Owner,

Work-From-Home Opportunity: Earn $2,000 per week! Click here: [Malicious Link]

Regards,
Spam Team 75"
spam,"Subject: Verify Your Business Account: Avoid suspension now!

Dear Business Owner,

Verify Your Business Account: Avoid suspension now! Click here: [Malicious Link]

Regards,
Spam Team 122"
spam,"Subject: Urgent Invoice Payment Reminder: Pay now to avoid legal action!

Dear Business Owner,

Urgent Invoice Payment Reminder: Pay now to avoid legal action! Click here: [Malicious Link]

Regards,
Spam Team 150"
spam,"Subject: Exclusive Business Loan Offer: Pre-approved for $500,000!

Dear Business Owner,

Exclusive Business Loan Offer: Pre-approved for $500,000! Click here: [Malicious Link]

Regards,
Spam Team 21"
spam,"Subject: Verify Your Business Account: Avoid suspension now!

Dear Business Owner,

Verify Your Business Account: Avoid suspension now! Click here: [Malicious Link]

Regards,
Spam Team 72"
spam,"Subject: Investment Opportunity: Earn 300% ROI Guaranteed!

Dear Business Owner,

Investment Opportunity: Earn 300% ROI Guaranteed! Click here: [Malicious Link]

Regards,
Spam Team 107"
spam,"Subject: Work-From-Home Opportunity: Earn $2,000 per week!

Dear Business Owner,

Work-From-Home Opportunity: Earn $2,000 per week! Click here: [Malicious Link]

Regards,
Spam Team 15"
spam,"Subject: Win a Free Business Marketing Package Worth $5,000!

Dear Business Owner,

Win a Free Business Marketing Package Worth $5,000! Click here: [Malicious Link]

Regards,
Spam Team 93"
spam,"Subject: Win a Free Business Marketing Package Worth $5,000!

Dear Business Owner,

Win a Free Business Marketing Package Worth $5,000! Click here: [Malicious Link]

Regards,
Spam Team 103"
